{
    "schema_version": "1.1",
    "type_definitions": [
      {
        "type": "user"
      },
      {
        "type": "document",
        "relations": {
          "reader": {
            "this": {}
          },
          "writer": {
            "this": {}
          },
          "owner": {
            "this": {}
          }
        },
        "metadata": {
          "relations": {
            "reader": {
              "directly_related_user_types": [
                {
                  "type": "user"
                }
              ]
            },
            "writer": {
              "directly_related_user_types": [
                {
                  "type": "user"
                }
              ]
            },
            "owner": {
              "directly_related_user_types": [
                {
                  "type": "user"
                }
              ]
            }
          }
        }
      },
      {
        "type": "team",
        "relations": {
          "member": {
            "this": {}
          }
        },
        "metadata": {
          "relations": {
            "member": {
              "directly_related_user_types": [
                {
                  "type": "user"
                }
              ]
            }
          }
        }
      }
    ]
  }